trimestre,CVEMET,zona_metro,acteco
2011-06-01,001,Aguascalientes,0
2011-06-01,002,Tijuana,0
2011-06-01,003,Mexicali,0
2011-06-01,004,La Laguna,0
2011-06-01,005,Saltillo,0
2011-06-01,006,Monclova,0
2011-06-01,007,Piedras Negras,0
2011-06-01,008,Colima,0
2011-06-01,009,Tecomán,0
2011-06-01,010,Tuxtla,0
2011-06-01,011,Juárez,0
2011-06-01,012,Chihuahua,0
2011-06-01,013,CDMX,0
2011-06-01,014,León,0
2011-06-01,015,San Francisco,0
2011-06-01,016,Acapulco,0
2011-06-01,017,Pachuca,0
2011-06-01,018,Tulancingo,0
2011-06-01,019,Tula,0
2011-06-01,020,Guadalajara,0
2011-06-01,021,Puerto Vallarta,0
2011-06-01,022,Ocotlán,0
2011-06-01,023,Toluca,0
2011-06-01,024,Morelia,0
2011-06-01,025,Zamora,0
2011-06-01,026,Pénjamo,0
2011-06-01,027,Cuernavaca,0
2011-06-01,028,Cuautla,0
2011-06-01,029,Tepic,0
2011-06-01,030,Monterrey,0
2011-06-01,031,Oaxaca,0
2011-06-01,032,Tehuantepec,0
2011-06-01,033,Puebla,0
2011-06-01,034,Tehuacán,0
2011-06-01,035,Querétaro,0
2011-06-01,036,Cancún,0
2011-06-01,037,San Luis,0
2011-06-01,038,Cd. Fernández,0
2011-06-01,039,Guaymas,0
2011-06-01,040,Villahermosa,0
2011-06-01,041,Tampico,0
2011-06-01,042,Reynosa,0
2011-06-01,043,Matamoros,0
2011-06-01,044,Nuevo Laredo,0
2011-06-01,045,Tlaxcala,0
2011-06-01,046,Veracruz,0
2011-06-01,047,Xalapa,0
2011-06-01,048,Poza Rica,0
2011-06-01,049,Orizaba,0
2011-06-01,050,Minatitlán,0
2011-06-01,051,Coatzacoalcos,0
2011-06-01,052,Córdoba,0
2011-06-01,053,Mérida,0
2011-06-01,054,Zacatecas,0
2011-06-01,055,Ensenada,0
2011-06-01,056,La Paz,0
2011-06-01,057,Los Cabos,0
2011-06-01,058,Campeche,0
2011-06-01,059,Cd. del Carmen,0
2011-06-01,060,Manzanillo,0
2011-06-01,061,Tapachula,0
2011-06-01,062,Durango,0
2011-06-01,063,Celaya,0
2011-06-01,064,Guanajuato,0
2011-06-01,065,Irapuato,0
2011-06-01,066,Salamanca,0
2011-06-01,067,Uruapan,0
2011-06-01,068,San Juan del Río,0
2011-06-01,069,Los Mochis,0
2011-06-01,070,Culiacán,0
2011-06-01,071,Mazatlán,0
2011-06-01,072,Cd. Obregón,0
2011-06-01,073,Hermosillo,0
2011-06-01,074,Cárdenas,0
2011-06-01,075,Cd. Victoria,0
2011-06-01,076,Chetumal,0
2011-06-01,077,Chilpancingo,0
2011-06-01,078,Moroleón,0
2011-09-01,001,Aguascalientes,0
2011-09-01,002,Tijuana,0
2011-09-01,003,Mexicali,0
2011-09-01,004,La Laguna,248912.508514022
2011-09-01,005,Saltillo,118354.811184593
2011-09-01,006,Monclova,60266.3137125396
2011-09-01,007,Piedras Negras,39382.3925090693
2011-09-01,008,Colima,43764.5267145055
2011-09-01,009,Tecomán,9627.47072535286
2011-09-01,010,Tuxtla,97461.0646934048
2011-09-01,011,Juárez,216804.588458788
2011-09-01,012,Chihuahua,77602.9676485705
2011-09-01,013,CDMX,3361896.08531717
2011-09-01,014,León,179385.881868451
2011-09-01,015,San Francisco,19070.8565850182
2011-09-01,016,Acapulco,82607.3869391747
2011-09-01,017,Pachuca,66868.5583113439
2011-09-01,018,Tulancingo,22323.8866580114
2011-09-01,019,Tula,36993.3642434484
2011-09-01,020,Guadalajara,628312.238326296
2011-09-01,021,Puerto Vallarta,52729.599917028
2011-09-01,022,Ocotlán,12242.1378950419
2011-09-01,023,Toluca,164047.223715637
2011-09-01,024,Morelia,98069.5647351298
2011-09-01,025,Zamora,20870.0820953789
2011-09-01,026,Pénjamo,23907.7915161681
2011-09-01,027,Cuernavaca,89288.5557028759
2011-09-01,028,Cuautla,48503.0851362564
2011-09-01,029,Tepic,50366.5583424075
2011-09-01,030,Monterrey,877860.268365731
2011-09-01,031,Oaxaca,70755.3941584015
2011-09-01,032,Tehuantepec,31364.1237309655
2011-09-01,033,Puebla,299135.78368681
2011-09-01,034,Tehuacán,24642.1358413565
2011-09-01,035,Querétaro,208465.744912049
2011-09-01,036,Cancún,132406.181842233
2011-09-01,037,San Luis,177519.088907156
2011-09-01,038,Cd. Fernández,8485.73056518189
2011-09-01,039,Guaymas,34380.9211775817
2011-09-01,040,Villahermosa,201268.538403445
2011-09-01,041,Tampico,92955.0786589581
2011-09-01,042,Reynosa,131723.677057843
2011-09-01,043,Matamoros,71011.9700405653
2011-09-01,044,Nuevo Laredo,104014.650596619
2011-09-01,045,Tlaxcala,44654.2065165529
2011-09-01,046,Veracruz,144172.577543378
2011-09-01,047,Xalapa,76851.07339153
2011-09-01,048,Poza Rica,53344.6512392339
2011-09-01,049,Orizaba,59624.4411398802
2011-09-01,050,Minatitlán,86354.1328766234
2011-09-01,051,Coatzacoalcos,118141.972160992
2011-09-01,052,Córdoba,23268.2686530887
2011-09-01,053,Mérida,164636.917300382
2011-09-01,054,Zacatecas,40993.8463491646
2011-09-01,055,Ensenada,0
2011-09-01,056,La Paz,52201.449841432
2011-09-01,057,Los Cabos,37138.1723362041
2011-09-01,058,Campeche,266276.986595009
2011-09-01,059,Cd. del Carmen,247891.767631797
2011-09-01,060,Manzanillo,31149.1962341214
2011-09-01,061,Tapachula,21072.1876890621
2011-09-01,062,Durango,54847.9399701371
2011-09-01,063,Celaya,74333.414652732
2011-09-01,064,Guanajuato,13370.1525581666
2011-09-01,065,Irapuato,58701.2282419101
2011-09-01,066,Salamanca,41455.7904466822
2011-09-01,067,Uruapan,29168.127141053
2011-09-01,068,San Juan del Río,36042.9682448797
2011-09-01,069,Los Mochis,43620.1615001281
2011-09-01,070,Culiacán,90754.5744601693
2011-09-01,071,Mazatlán,60630.2763181976
2011-09-01,072,Cd. Obregón,48864.6456975527
2011-09-01,073,Hermosillo,121117.847843257
2011-09-01,074,Cárdenas,50755.2042615219
2011-09-01,075,Cd. Victoria,46064.5009971127
2011-09-01,076,Chetumal,19013.3576943399
2011-09-01,077,Chilpancingo,19926.3969659328
2011-09-01,078,Moroleón,8586.64553810929
2011-12-01,001,Aguascalientes,144086.431307153
2011-12-01,002,Tijuana,194327.199010209
2011-12-01,003,Mexicali,154656.02382804
2011-12-01,004,La Laguna,255344.705756861
2011-12-01,005,Saltillo,121167.715279078
2011-12-01,006,Monclova,61854.1966579386
2011-12-01,007,Piedras Negras,40341.3989514782
2011-12-01,008,Colima,44812.1423679037
2011-12-01,009,Tecomán,9939.19335901712
2011-12-01,010,Tuxtla,100006.283697146
2011-12-01,011,Juárez,234454.634712249
2011-12-01,012,Chihuahua,83569.4491916262
2011-12-01,013,CDMX,3530941.51176741
2011-12-01,014,León,185942.415245359
2011-12-01,015,San Francisco,19394.0794622998
2011-12-01,016,Acapulco,86190.8282341403
2011-12-01,017,Pachuca,70106.7785460049
2011-12-01,018,Tulancingo,23445.129444884
2011-12-01,019,Tula,40491.1974741847
2011-12-01,020,Guadalajara,659029.6129771
2011-12-01,021,Puerto Vallarta,54989.0311239662
2011-12-01,022,Ocotlán,12135.7368308133
2011-12-01,023,Toluca,170587.070680981
2011-12-01,024,Morelia,100132.67905932
2011-12-01,025,Zamora,21226.6546931428
2011-12-01,026,Pénjamo,24694.7176376912
2011-12-01,027,Cuernavaca,90411.4239628453
2011-12-01,028,Cuautla,50319.6987527172
2011-12-01,029,Tepic,52193.4920306143
2011-12-01,030,Monterrey,895253.561311771
2011-12-01,031,Oaxaca,74336.966803577
2011-12-01,032,Tehuantepec,33092.7656118798
2011-12-01,033,Puebla,309652.962327852
2011-12-01,034,Tehuacán,25565.6013068461
2011-12-01,035,Querétaro,215272.374216633
2011-12-01,036,Cancún,135043.985653821
2011-12-01,037,San Luis,183115.801259846
2011-12-01,038,Cd. Fernández,8714.209000404
2011-12-01,039,Guaymas,36346.4186387443
2011-12-01,040,Villahermosa,207603.331266709
2011-12-01,041,Tampico,92785.1301515572
2011-12-01,042,Reynosa,131982.094120478
2011-12-01,043,Matamoros,70865.3933233038
2011-12-01,044,Nuevo Laredo,103690.683117707
2011-12-01,045,Tlaxcala,47944.1564935303
2011-12-01,046,Veracruz,145535.454735673
2011-12-01,047,Xalapa,78123.5779211497
2011-12-01,048,Poza Rica,54279.4091841552
2011-12-01,049,Orizaba,60046.1998017152
2011-12-01,050,Minatitlán,87407.9910484932
2011-12-01,051,Coatzacoalcos,120335.658452231
2011-12-01,052,Córdoba,23561.8570443847
2011-12-01,053,Mérida,171726.877691279
2011-12-01,054,Zacatecas,42650.400071177
2011-12-01,055,Ensenada,60451.1396540485
2011-12-01,056,La Paz,54325.3632276913
2011-12-01,057,Los Cabos,38944.8907940375
2011-12-01,058,Campeche,270892.714754452
2011-12-01,059,Cd. del Carmen,251876.470903739
2011-12-01,060,Manzanillo,31771.2021204026
2011-12-01,061,Tapachula,21794.4476959377
2011-12-01,062,Durango,56747.567533007
2011-12-01,063,Celaya,77071.497435854
2011-12-01,064,Guanajuato,14024.8624697077
2011-12-01,065,Irapuato,60291.8315208785
2011-12-01,066,Salamanca,44041.5300597679
2011-12-01,067,Uruapan,30101.5213253255
2011-12-01,068,San Juan del Río,37283.6089013658
2011-12-01,069,Los Mochis,46902.7384110411
2011-12-01,070,Culiacán,98427.0708840893
2011-12-01,071,Mazatlán,65404.2115594359
2011-12-01,072,Cd. Obregón,51117.3917382534
2011-12-01,073,Hermosillo,127292.820460134
2011-12-01,074,Cárdenas,52502.3018680097
2011-12-01,075,Cd. Victoria,45905.3949401593
2011-12-01,076,Chetumal,19896.6513962141
2011-12-01,077,Chilpancingo,20814.2658023069
2011-12-01,078,Moroleón,8940.7147789069
2012-03-01,001,Aguascalientes,144799.84938866
2012-03-01,002,Tijuana,189659.867220725
2012-03-01,003,Mexicali,150702.962581787
2012-03-01,004,La Laguna,254650.297851972
2012-03-01,005,Saltillo,120933.183624683
2012-03-01,006,Monclova,61573.8337581527
2012-03-01,007,Piedras Negras,40194.115000209
2012-03-01,008,Colima,44694.6354320721
2012-03-01,009,Tecomán,9887.76476526357
2012-03-01,010,Tuxtla,98404.3235850098
2012-03-01,011,Juárez,224631.462062116
2012-03-01,012,Chihuahua,81598.7792708311
2012-03-01,013,CDMX,3442921.18024467
2012-03-01,014,León,183741.94017412
2012-03-01,015,San Francisco,18978.2688079203
2012-03-01,016,Acapulco,85672.6872237129
2012-03-01,017,Pachuca,64934.9159030654
2012-03-01,018,Tulancingo,23231.1115705817
2012-03-01,019,Tula,38779.8025812266
2012-03-01,020,Guadalajara,643484.007909763
2012-03-01,021,Puerto Vallarta,57435.1054163774
2012-03-01,022,Ocotlán,12074.669494442
2012-03-01,023,Toluca,166678.320824436
2012-03-01,024,Morelia,100865.670882266
2012-03-01,025,Zamora,21188.0518629463
2012-03-01,026,Pénjamo,24697.4204377479
2012-03-01,027,Cuernavaca,88937.5631068722
2012-03-01,028,Cuautla,50057.7130178717
2012-03-01,029,Tepic,51710.6272849489
2012-03-01,030,Monterrey,899221.642949894
2012-03-01,031,Oaxaca,73659.1625632741
2012-03-01,032,Tehuantepec,33177.4599587453
2012-03-01,033,Puebla,308720.713686869
2012-03-01,034,Tehuacán,25647.8083112206
2012-03-01,035,Querétaro,216209.184666983
2012-03-01,036,Cancún,137743.126299235
2012-03-01,037,San Luis,181636.965065068
2012-03-01,038,Cd. Fernández,8578.03240763301
2012-03-01,039,Guaymas,36430.8726889777
2012-03-01,040,Villahermosa,205998.688467259
2012-03-01,041,Tampico,92580.276788581
2012-03-01,042,Reynosa,133792.540530079
2012-03-01,043,Matamoros,71721.5327852034
2012-03-01,044,Nuevo Laredo,103428.155057262
2012-03-01,045,Tlaxcala,45825.0469469875
2012-03-01,046,Veracruz,144991.654690493
2012-03-01,047,Xalapa,77412.068504711
2012-03-01,048,Poza Rica,53941.3550819631
2012-03-01,049,Orizaba,59777.5593549867
2012-03-01,050,Minatitlán,86800.4726015866
2012-03-01,051,Coatzacoalcos,119607.300005107
2012-03-01,052,Córdoba,23536.7684988069
2012-03-01,053,Mérida,168926.331728829
2012-03-01,054,Zacatecas,42606.3923114854
2012-03-01,055,Ensenada,58297.3705169321
2012-03-01,056,La Paz,52942.6144486807
2012-03-01,057,Los Cabos,38849.0575925774
2012-03-01,058,Campeche,261917.844003266
2012-03-01,059,Cd. del Carmen,247947.083391224
2012-03-01,060,Manzanillo,31805.9940293296
2012-03-01,061,Tapachula,21497.4108344155
2012-03-01,062,Durango,55541.3247208534
2012-03-01,063,Celaya,76369.8769402778
2012-03-01,064,Guanajuato,14048.4628740459
2012-03-01,065,Irapuato,59478.5419639079
2012-03-01,066,Salamanca,43287.1561956896
2012-03-01,067,Uruapan,29739.5846528562
2012-03-01,068,San Juan del Río,37647.683895742
2012-03-01,069,Los Mochis,45906.1569045157
2012-03-01,070,Culiacán,95654.6126401289
2012-03-01,071,Mazatlán,64064.534211763
2012-03-01,072,Cd. Obregón,49509.5008084091
2012-03-01,073,Hermosillo,124755.318989734
2012-03-01,074,Cárdenas,52090.2045873699
2012-03-01,075,Cd. Victoria,46474.1188967166
2012-03-01,076,Chetumal,20106.7829566504
2012-03-01,077,Chilpancingo,20747.0026167142
2012-03-01,078,Moroleón,8523.25612670496
2012-06-01,001,Aguascalientes,148428.941729589
2012-06-01,002,Tijuana,192860.337732637
2012-06-01,003,Mexicali,151880.963854351
2012-06-01,004,La Laguna,256691.041392621
2012-06-01,005,Saltillo,122934.38524366
2012-06-01,006,Monclova,62367.9599976885
2012-06-01,007,Piedras Negras,40233.2375437329
2012-06-01,008,Colima,45080.6669979836
2012-06-01,009,Tecomán,10042.3439770503
2012-06-01,010,Tuxtla,97620.5796013967
2012-06-01,011,Juárez,231300.796297759
2012-06-01,012,Chihuahua,84532.5594904134
2012-06-01,013,CDMX,3492629.72217872
2012-06-01,014,León,187144.726612297
2012-06-01,015,San Francisco,19365.1187874316
2012-06-01,016,Acapulco,87520.2014747332
2012-06-01,017,Pachuca,66004.5263006064
2012-06-01,018,Tulancingo,22080.3465160615
2012-06-01,019,Tula,41588.1620625428
2012-06-01,020,Guadalajara,660401.694475855
2012-06-01,021,Puerto Vallarta,55474.8892783106
2012-06-01,022,Ocotlán,12317.0827373507
2012-06-01,023,Toluca,169539.567658804
2012-06-01,024,Morelia,100611.760425511
2012-06-01,025,Zamora,21268.8495758305
2012-06-01,026,Pénjamo,25209.5796649771
2012-06-01,027,Cuernavaca,89548.8966515565
2012-06-01,028,Cuautla,50014.9838632662
2012-06-01,029,Tepic,52099.2295714838
2012-06-01,030,Monterrey,910601.107559713
2012-06-01,031,Oaxaca,74177.7205480004
2012-06-01,032,Tehuantepec,33430.9572766829
2012-06-01,033,Puebla,313162.971158518
2012-06-01,034,Tehuacán,25467.0806161406
2012-06-01,035,Querétaro,220918.31316291
2012-06-01,036,Cancún,139457.99415068
2012-06-01,037,San Luis,183915.408615614
2012-06-01,038,Cd. Fernández,8687.96986024881
2012-06-01,039,Guaymas,36327.1045782324
2012-06-01,040,Villahermosa,207942.447646928
2012-06-01,041,Tampico,93406.2044706164
2012-06-01,042,Reynosa,133818.452264282
2012-06-01,043,Matamoros,71420.3454400502
2012-06-01,044,Nuevo Laredo,102593.508419201
2012-06-01,045,Tlaxcala,46905.3286930861
2012-06-01,046,Veracruz,145404.365350519
2012-06-01,047,Xalapa,77762.8757136956
2012-06-01,048,Poza Rica,54270.9081136732
2012-06-01,049,Orizaba,60539.5205536784
2012-06-01,050,Minatitlán,87096.0101633149
2012-06-01,051,Coatzacoalcos,119724.191657057
2012-06-01,052,Córdoba,23659.0309655842
2012-06-01,053,Mérida,170134.706095666
2012-06-01,054,Zacatecas,43446.3355230174
2012-06-01,055,Ensenada,59843.0054963709
2012-06-01,056,La Paz,53899.2974979592
2012-06-01,057,Los Cabos,39144.2778009184
2012-06-01,058,Campeche,261321.262368081
2012-06-01,059,Cd. del Carmen,252125.687364311
2012-06-01,060,Manzanillo,32181.4320071565
2012-06-01,061,Tapachula,21391.8653826353
2012-06-01,062,Durango,56832.6801629916
2012-06-01,063,Celaya,77688.4686279477
2012-06-01,064,Guanajuato,14475.8875653694
2012-06-01,065,Irapuato,60520.5488627598
2012-06-01,066,Salamanca,44317.6290563251
2012-06-01,067,Uruapan,29807.6965287609
2012-06-01,068,San Juan del Río,38563.7015671526
2012-06-01,069,Los Mochis,46741.0977057648
2012-06-01,070,Culiacán,94505.1546674102
2012-06-01,071,Mazatlán,65759.4186941601
2012-06-01,072,Cd. Obregón,50128.9967859256
2012-06-01,073,Hermosillo,127603.036077483
2012-06-01,074,Cárdenas,52189.6177771904
2012-06-01,075,Cd. Victoria,46498.8659671751
2012-06-01,076,Chetumal,20094.3317721218
2012-06-01,077,Chilpancingo,20961.5831533972
2012-06-01,078,Moroleón,8634.10315314412
2012-09-01,001,Aguascalientes,148515.726438011
2012-09-01,002,Tijuana,194026.421709083
2012-09-01,003,Mexicali,151661.729578851
2012-09-01,004,La Laguna,258130.820235492
2012-09-01,005,Saltillo,123423.640301426
2012-09-01,006,Monclova,62595.4491540249
2012-09-01,007,Piedras Negras,40771.2020258829
2012-09-01,008,Colima,45372.5992222088
2012-09-01,009,Tecomán,10101.8603525876
2012-09-01,010,Tuxtla,98707.0839402797
2012-09-01,011,Juárez,228068.633476052
2012-09-01,012,Chihuahua,84729.1325882471
2012-09-01,013,CDMX,3507870.94901859
2012-09-01,014,León,189062.311111658
2012-09-01,015,San Francisco,19763.1791535186
2012-09-01,016,Acapulco,87771.950141721
2012-09-01,017,Pachuca,66456.6617928987
2012-09-01,018,Tulancingo,21988.6420846041
2012-09-01,019,Tula,42588.3928214861
2012-09-01,020,Guadalajara,663421.82132573
2012-09-01,021,Puerto Vallarta,55024.6032009864
2012-09-01,022,Ocotlán,12266.7712077344
2012-09-01,023,Toluca,169178.526497228
2012-09-01,024,Morelia,100352.44292793
2012-09-01,025,Zamora,21233.3186633502
2012-09-01,026,Pénjamo,25299.1087230177
2012-09-01,027,Cuernavaca,89625.1341675631
2012-09-01,028,Cuautla,49633.7439947083
2012-09-01,029,Tepic,52673.1676671322
2012-09-01,030,Monterrey,924889.974876579
2012-09-01,031,Oaxaca,74959.732294818
2012-09-01,032,Tehuantepec,34320.0268596886
2012-09-01,033,Puebla,315988.971722146
2012-09-01,034,Tehuacán,25457.9166241204
2012-09-01,035,Querétaro,224509.638290491
2012-09-01,036,Cancún,143255.691557886
2012-09-01,037,San Luis,185737.966183663
2012-09-01,038,Cd. Fernández,8784.03810239031
2012-09-01,039,Guaymas,35987.3093842976
2012-09-01,040,Villahermosa,207953.628431991
2012-09-01,041,Tampico,93866.060886619
2012-09-01,042,Reynosa,135976.614997797
2012-09-01,043,Matamoros,72234.7867000386
2012-09-01,044,Nuevo Laredo,103928.935524675
2012-09-01,045,Tlaxcala,46803.4078517175
2012-09-01,046,Veracruz,145788.432070985
2012-09-01,047,Xalapa,77893.8991418338
2012-09-01,048,Poza Rica,54301.7724957231
2012-09-01,049,Orizaba,61543.6150202338
2012-09-01,050,Minatitlán,87188.8737328092
2012-09-01,051,Coatzacoalcos,119921.389057633
2012-09-01,052,Córdoba,23674.4832369811
2012-09-01,053,Mérida,170807.390673433
2012-09-01,054,Zacatecas,43478.3741523229
2012-09-01,055,Ensenada,62129.3083650574
2012-09-01,056,La Paz,53727.1584132787
2012-09-01,057,Los Cabos,38487.9894284913
2012-09-01,058,Campeche,258853.527859434
2012-09-01,059,Cd. del Carmen,251833.646060372
2012-09-01,060,Manzanillo,32356.0916766351
2012-09-01,061,Tapachula,21489.7437439754
2012-09-01,062,Durango,57341.1435009965
2012-09-01,063,Celaya,78442.1415281013
2012-09-01,064,Guanajuato,14778.2437558771
2012-09-01,065,Irapuato,61169.3543537263
2012-09-01,066,Salamanca,44677.7610773763
2012-09-01,067,Uruapan,29756.326788925
2012-09-01,068,San Juan del Río,39393.2007295405
2012-09-01,069,Los Mochis,46751.164921772
2012-09-01,070,Culiacán,92489.5545479035
2012-09-01,071,Mazatlán,65423.7866579612
2012-09-01,072,Cd. Obregón,49885.0868686972
2012-09-01,073,Hermosillo,126670.955600492
2012-09-01,074,Cárdenas,52062.5158514811
2012-09-01,075,Cd. Victoria,46471.7414058614
2012-09-01,076,Chetumal,20131.6553689346
2012-09-01,077,Chilpancingo,21045.1974873761
2012-09-01,078,Moroleón,8764.01993095044
2012-12-01,001,Aguascalientes,153536.574464341
2012-12-01,002,Tijuana,202262.388827216
2012-12-01,003,Mexicali,158104.182149814
2012-12-01,004,La Laguna,263739.938411993
2012-12-01,005,Saltillo,126717.164755118
2012-12-01,006,Monclova,64649.7697858725
2012-12-01,007,Piedras Negras,41863.6988847625
2012-12-01,008,Colima,46389.5968267805
2012-12-01,009,Tecomán,10361.1348876079
2012-12-01,010,Tuxtla,101033.464751016
2012-12-01,011,Juárez,246692.271326317
2012-12-01,012,Chihuahua,89059.0310705727
2012-12-01,013,CDMX,3654076.36267542
2012-12-01,014,León,195416.939233143
2012-12-01,015,San Francisco,20155.7435943892
2012-12-01,016,Acapulco,90431.8812390688
2012-12-01,017,Pachuca,69166.5109136828
2012-12-01,018,Tulancingo,22006.4313899308
2012-12-01,019,Tula,43702.7697171916
2012-12-01,020,Guadalajara,681944.147946899
2012-12-01,021,Puerto Vallarta,57550.2014551241
2012-12-01,022,Ocotlán,12843.210822363
2012-12-01,023,Toluca,174841.969080787
2012-12-01,024,Morelia,102314.737316825
2012-12-01,025,Zamora,21662.8758545328
2012-12-01,026,Pénjamo,25959.3855777532
2012-12-01,027,Cuernavaca,91595.4202804651
2012-12-01,028,Cuautla,50587.0484672152
2012-12-01,029,Tepic,54277.4061414296
2012-12-01,030,Monterrey,944545.541859732
2012-12-01,031,Oaxaca,76829.1438742498
2012-12-01,032,Tehuantepec,36441.9543018697
2012-12-01,033,Puebla,325422.768801978
2012-12-01,034,Tehuacán,25881.5770922365
2012-12-01,035,Querétaro,230286.3034988
2012-12-01,036,Cancún,145849.12701261
2012-12-01,037,San Luis,190178.376343542
2012-12-01,038,Cd. Fernández,8957.98231566606
2012-12-01,039,Guaymas,38186.3253819039
2012-12-01,040,Villahermosa,212660.845834523
2012-12-01,041,Tampico,93639.5222487661
2012-12-01,042,Reynosa,135954.622302048
2012-12-01,043,Matamoros,72288.0376352164
2012-12-01,044,Nuevo Laredo,103878.984830892
2012-12-01,045,Tlaxcala,48461.4314114434
2012-12-01,046,Veracruz,146638.190137481
2012-12-01,047,Xalapa,78824.0403461428
2012-12-01,048,Poza Rica,54844.9178598302
2012-12-01,049,Orizaba,62631.9374142518
2012-12-01,050,Minatitlán,88107.1898439611
2012-12-01,051,Coatzacoalcos,121469.229902851
2012-12-01,052,Córdoba,23950.9303455066
2012-12-01,053,Mérida,176821.643113366
2012-12-01,054,Zacatecas,45080.8508148644
2012-12-01,055,Ensenada,63532.2405688982
2012-12-01,056,La Paz,55743.7566726422
2012-12-01,057,Los Cabos,40217.9547412604
2012-12-01,058,Campeche,263724.20239835
2012-12-01,059,Cd. del Carmen,256838.669545385
2012-12-01,060,Manzanillo,33332.80478053
2012-12-01,061,Tapachula,21906.9481062933
2012-12-01,062,Durango,59955.3936603852
2012-12-01,063,Celaya,81141.3796720097
2012-12-01,064,Guanajuato,15267.3602035364
2012-12-01,065,Irapuato,63398.7363535283
2012-12-01,066,Salamanca,46409.5712737351
2012-12-01,067,Uruapan,30386.9864031689
2012-12-01,068,San Juan del Río,40612.9356168512
2012-12-01,069,Los Mochis,49936.1027490191
2012-12-01,070,Culiacán,101035.869498081
2012-12-01,071,Mazatlán,69592.1995562561
2012-12-01,072,Cd. Obregón,51402.1291516071
2012-12-01,073,Hermosillo,133370.632771402
2012-12-01,074,Cárdenas,53916.5183668858
2012-12-01,075,Cd. Victoria,46648.8652513748
2012-12-01,076,Chetumal,20874.4592438097
2012-12-01,077,Chilpancingo,21807.0180990617
2012-12-01,078,Moroleón,9301.45189721308
2013-03-01,001,Aguascalientes,151256.067258259
2013-03-01,002,Tijuana,195829.475314883
2013-03-01,003,Mexicali,150599.465663892
2013-03-01,004,La Laguna,256940.816223922
2013-03-01,005,Saltillo,125565.515221409
2013-03-01,006,Monclova,63422.6019408631
2013-03-01,007,Piedras Negras,41332.0776314462
2013-03-01,008,Colima,46003.2851015569
2013-03-01,009,Tecomán,10411.4192141721
2013-03-01,010,Tuxtla,98149.4938273986
2013-03-01,011,Juárez,236471.248795644
2013-03-01,012,Chihuahua,84367.401818694
2013-03-01,013,CDMX,3475291.70821369
2013-03-01,014,León,195695.333131861
2013-03-01,015,San Francisco,20078.0683275144
2013-03-01,016,Acapulco,88894.34670976
2013-03-01,017,Pachuca,64480.2498824132
2013-03-01,018,Tulancingo,20810.6682185113
2013-03-01,019,Tula,40583.722276551
2013-03-01,020,Guadalajara,658571.434323122
2013-03-01,021,Puerto Vallarta,58510.2548769134
2013-03-01,022,Ocotlán,12601.2728911425
2013-03-01,023,Toluca,168297.89668829
2013-03-01,024,Morelia,100992.128024255
2013-03-01,025,Zamora,21533.5224593345
2013-03-01,026,Pénjamo,25531.8944396854
2013-03-01,027,Cuernavaca,89153.8114181887
2013-03-01,028,Cuautla,49639.4273049484
2013-03-01,029,Tepic,53267.3862800311
2013-03-01,030,Monterrey,936013.04821632
2013-03-01,031,Oaxaca,73875.5802148017
2013-03-01,032,Tehuantepec,35618.108373267
2013-03-01,033,Puebla,317149.297058194
2013-03-01,034,Tehuacán,25159.0956118773
2013-03-01,035,Querétaro,229930.954987076
2013-03-01,036,Cancún,144793.003883714
2013-03-01,037,San Luis,186668.983140077
2013-03-01,038,Cd. Fernández,8661.56555154795
2013-03-01,039,Guaymas,37660.0153284735
2013-03-01,040,Villahermosa,207691.929147953
2013-03-01,041,Tampico,94837.3900513012
2013-03-01,042,Reynosa,139636.972736953
2013-03-01,043,Matamoros,73659.1286821783
2013-03-01,044,Nuevo Laredo,105249.837690237
2013-03-01,045,Tlaxcala,45339.4123272646
2013-03-01,046,Veracruz,144826.654224584
2013-03-01,047,Xalapa,77659.0045305874
2013-03-01,048,Poza Rica,54048.5971117496
2013-03-01,049,Orizaba,61973.1920713843
2013-03-01,050,Minatitlán,86860.6683775123
2013-03-01,051,Coatzacoalcos,120061.130606239
2013-03-01,052,Córdoba,23615.4001088558
2013-03-01,053,Mérida,173266.501641059
2013-03-01,054,Zacatecas,43279.4474631517
2013-03-01,055,Ensenada,60529.8561433795
2013-03-01,056,La Paz,53236.6883154241
2013-03-01,057,Los Cabos,40207.4074639541
2013-03-01,058,Campeche,252291.959505083
2013-03-01,059,Cd. del Carmen,244655.606129424
2013-03-01,060,Manzanillo,33132.9831509447
2013-03-01,061,Tapachula,21329.9105451766
2013-03-01,062,Durango,57158.3695712008
2013-03-01,063,Celaya,79451.0585627364
2013-03-01,064,Guanajuato,15052.1096655922
2013-03-01,065,Irapuato,63301.5979766912
2013-03-01,066,Salamanca,45586.5958624541
2013-03-01,067,Uruapan,29952.3408331223
2013-03-01,068,San Juan del Río,40631.133137206
2013-03-01,069,Los Mochis,46542.9974513174
2013-03-01,070,Culiacán,98218.4539220825
2013-03-01,071,Mazatlán,67528.5923881827
2013-03-01,072,Cd. Obregón,49415.3410795417
2013-03-01,073,Hermosillo,128660.180665611
2013-03-01,074,Cárdenas,52634.6554610306
2013-03-01,075,Cd. Victoria,47708.2879927925
2013-03-01,076,Chetumal,20638.3849620001
2013-03-01,077,Chilpancingo,21396.29652757
2013-03-01,078,Moroleón,9092.54871016021
2013-06-01,001,Aguascalientes,155676.570035574
2013-06-01,002,Tijuana,203224.157242006
2013-06-01,003,Mexicali,154058.715767643
2013-06-01,004,La Laguna,262224.701594102
2013-06-01,005,Saltillo,127989.464004976
2013-06-01,006,Monclova,65025.330126431
2013-06-01,007,Piedras Negras,42658.0066952323
2013-06-01,008,Colima,46877.0787230613
2013-06-01,009,Tecomán,10592.0611494878
2013-06-01,010,Tuxtla,99783.8909789775
2013-06-01,011,Juárez,248026.85715701
2013-06-01,012,Chihuahua,88049.0943429975
2013-06-01,013,CDMX,3604424.61289314
2013-06-01,014,León,202556.578282743
2013-06-01,015,San Francisco,20599.0916297064
2013-06-01,016,Acapulco,88637.660688424
2013-06-01,017,Pachuca,66768.3222808969
2013-06-01,018,Tulancingo,21443.4763631213
2013-06-01,019,Tula,42520.9341619091
2013-06-01,020,Guadalajara,681349.988947752
2013-06-01,021,Puerto Vallarta,56822.6523728761
2013-06-01,022,Ocotlán,13312.6165232319
2013-06-01,023,Toluca,173376.891137308
2013-06-01,024,Morelia,101570.727051106
2013-06-01,025,Zamora,21984.1327136359
2013-06-01,026,Pénjamo,25862.0447560134
2013-06-01,027,Cuernavaca,90161.3743238223
2013-06-01,028,Cuautla,50389.2779870283
2013-06-01,029,Tepic,53568.8857732168
2013-06-01,030,Monterrey,956861.276947014
2013-06-01,031,Oaxaca,75666.1680574758
2013-06-01,032,Tehuantepec,35824.7708065789
2013-06-01,033,Puebla,324543.064838251
2013-06-01,034,Tehuacán,25826.0543848207
2013-06-01,035,Querétaro,236158.933015416
2013-06-01,036,Cancún,146852.762380496
2013-06-01,037,San Luis,192700.587192749
2013-06-01,038,Cd. Fernández,8910.34101764472
2013-06-01,039,Guaymas,38421.2585383226
2013-06-01,040,Villahermosa,211408.733748164
2013-06-01,041,Tampico,94756.942781675
2013-06-01,042,Reynosa,137930.437182779
2013-06-01,043,Matamoros,73362.8133003409
2013-06-01,044,Nuevo Laredo,103946.880221343
2013-06-01,045,Tlaxcala,46792.1722676492
2013-06-01,046,Veracruz,145936.652299768
2013-06-01,047,Xalapa,78572.386618108
2013-06-01,048,Poza Rica,54359.3686021463
2013-06-01,049,Orizaba,62619.4832210824
2013-06-01,050,Minatitlán,87519.9956618296
2013-06-01,051,Coatzacoalcos,120917.261378208
2013-06-01,052,Córdoba,23692.3573416241
2013-06-01,053,Mérida,176533.235190534
2013-06-01,054,Zacatecas,45215.7418540323
2013-06-01,055,Ensenada,63328.0709420375
2013-06-01,056,La Paz,55081.6079920501
2013-06-01,057,Los Cabos,40428.3337043862
2013-06-01,058,Campeche,253179.121125772
2013-06-01,059,Cd. del Carmen,248846.185065405
2013-06-01,060,Manzanillo,33789.9603442119
2013-06-01,061,Tapachula,21481.2731633914
2013-06-01,062,Durango,58452.663474531
2013-06-01,063,Celaya,82465.7480603434
2013-06-01,064,Guanajuato,15765.8602731404
2013-06-01,065,Irapuato,65130.770511462
2013-06-01,066,Salamanca,46615.2194461759
2013-06-01,067,Uruapan,30603.6946229109
2013-06-01,068,San Juan del Río,41792.5239753716
2013-06-01,069,Los Mochis,47859.8755574046
2013-06-01,070,Culiacán,99047.3118729138
2013-06-01,071,Mazatlán,69317.3005048597
2013-06-01,072,Cd. Obregón,50619.2778052289
2013-06-01,073,Hermosillo,132523.902231192
2013-06-01,074,Cárdenas,53252.4262061139
2013-06-01,075,Cd. Victoria,47452.7468937128
2013-06-01,076,Chetumal,20994.6145201793
2013-06-01,077,Chilpancingo,21562.3139182201
2013-06-01,078,Moroleón,9188.48417445516
2013-09-01,001,Aguascalientes,156277.311525369
2013-09-01,002,Tijuana,200237.564137667
2013-09-01,003,Mexicali,151105.793826711
2013-09-01,004,La Laguna,260095.194247038
2013-09-01,005,Saltillo,127111.425357867
2013-09-01,006,Monclova,64816.2106438608
2013-09-01,007,Piedras Negras,42652.6244192717
2013-09-01,008,Colima,46733.1740741668
2013-09-01,009,Tecomán,10554.845266504
2013-09-01,010,Tuxtla,98678.8773355399
2013-09-01,011,Juárez,237414.798727392
2013-09-01,012,Chihuahua,85227.0032083908
2013-09-01,013,CDMX,3551355.76000578
2013-09-01,014,León,201259.870191859
2013-09-01,015,San Francisco,20589.6803753699
2013-09-01,016,Acapulco,87964.4188647912
2013-09-01,017,Pachuca,66481.1533480163
2013-09-01,018,Tulancingo,21267.8366329066
2013-09-01,019,Tula,43363.9553581231
2013-09-01,020,Guadalajara,677102.268438023
2013-09-01,021,Puerto Vallarta,55816.2514096734
2013-09-01,022,Ocotlán,13185.8435572777
2013-09-01,023,Toluca,170018.72381851
2013-09-01,024,Morelia,100639.149174552
2013-09-01,025,Zamora,21811.9495549307
2013-09-01,026,Pénjamo,25601.9723758003
2013-09-01,027,Cuernavaca,90106.2075934301
2013-09-01,028,Cuautla,52010.8843300468
2013-09-01,029,Tepic,53210.3975790358
2013-09-01,030,Monterrey,961269.544103277
2013-09-01,031,Oaxaca,75569.9265032239
2013-09-01,032,Tehuantepec,35531.2001576688
2013-09-01,033,Puebla,318965.478747288
2013-09-01,034,Tehuacán,25596.247808795
2013-09-01,035,Querétaro,237895.706273091
2013-09-01,036,Cancún,146489.728295676
2013-09-01,037,San Luis,190382.265323188
2013-09-01,038,Cd. Fernández,8878.74254521997
2013-09-01,039,Guaymas,36496.8442875665
2013-09-01,040,Villahermosa,209738.091985105
2013-09-01,041,Tampico,95402.9119702137
2013-09-01,042,Reynosa,141095.4142142
2013-09-01,043,Matamoros,74954.2271364365
2013-09-01,044,Nuevo Laredo,105328.623651683
2013-09-01,045,Tlaxcala,44751.6918229277
2013-09-01,046,Veracruz,145399.622874958
2013-09-01,047,Xalapa,78052.0594904333
2013-09-01,048,Poza Rica,53805.5061544564
2013-09-01,049,Orizaba,61965.7120534683
2013-09-01,050,Minatitlán,87187.4830597265
2013-09-01,051,Coatzacoalcos,120518.121417409
2013-09-01,052,Córdoba,23485.1397511529
2013-09-01,053,Mérida,175030.724940421
2013-09-01,054,Zacatecas,45095.3440605805
2013-09-01,055,Ensenada,62409.1345104228
2013-09-01,056,La Paz,54112.5783000357
2013-09-01,057,Los Cabos,39586.640719587
2013-09-01,058,Campeche,249434.315917838
2013-09-01,059,Cd. del Carmen,243604.521183191
2013-09-01,060,Manzanillo,33678.4554637628
2013-09-01,061,Tapachula,21218.0271229201
2013-09-01,062,Durango,57138.5007372509
2013-09-01,063,Celaya,82469.1059203731
2013-09-01,064,Guanajuato,15680.9828364548
2013-09-01,065,Irapuato,65100.0761024938
2013-09-01,066,Salamanca,46393.7206016964
2013-09-01,067,Uruapan,30346.0718695083
2013-09-01,068,San Juan del Río,42235.1516314488
2013-09-01,069,Los Mochis,45949.2410617266
2013-09-01,070,Culiacán,93636.2918870905
2013-09-01,071,Mazatlán,68402.0883702203
2013-09-01,072,Cd. Obregón,49742.7439554018
2013-09-01,073,Hermosillo,128215.419407802
2013-09-01,074,Cárdenas,51998.6107615556
2013-09-01,075,Cd. Victoria,47863.7136854463
2013-09-01,076,Chetumal,20780.0281552154
2013-09-01,077,Chilpancingo,21157.1334023281
2013-09-01,078,Moroleón,9353.8794485339
2013-12-01,001,Aguascalientes,161340.316826258
2013-12-01,002,Tijuana,207729.413772543
2013-12-01,003,Mexicali,155949.493938928
2013-12-01,004,La Laguna,267913.009714041
2013-12-01,005,Saltillo,130031.23739603
2013-12-01,006,Monclova,66505.359090215
2013-12-01,007,Piedras Negras,43777.17691453
2013-12-01,008,Colima,47845.1843874925
2013-12-01,009,Tecomán,10890.4687191349
2013-12-01,010,Tuxtla,101235.603879463
2013-12-01,011,Juárez,261281.698824343
2013-12-01,012,Chihuahua,91082.5347949497
2013-12-01,013,CDMX,3753325.16927663
2013-12-01,014,León,208661.676212827
2013-12-01,015,San Francisco,21589.4650710086
2013-12-01,016,Acapulco,91281.8690362452
2013-12-01,017,Pachuca,71872.3702218296
2013-12-01,018,Tulancingo,22786.5412934247
2013-12-01,019,Tula,48121.9243421153
2013-12-01,020,Guadalajara,706091.883253048
2013-12-01,021,Puerto Vallarta,58064.5692480196
2013-12-01,022,Ocotlán,13769.8165852781
2013-12-01,023,Toluca,175886.976994281
2013-12-01,024,Morelia,102961.974323212
2013-12-01,025,Zamora,22133.4370859241
2013-12-01,026,Pénjamo,26404.175703796
2013-12-01,027,Cuernavaca,93192.1446921655
2013-12-01,028,Cuautla,54714.5288115276
2013-12-01,029,Tepic,54972.4418309971
2013-12-01,030,Monterrey,983537.591707161
2013-12-01,031,Oaxaca,78797.7296419006
2013-12-01,032,Tehuantepec,37514.7876195627
2013-12-01,033,Puebla,326576.400202162
2013-12-01,034,Tehuacán,26094.13540149
2013-12-01,035,Querétaro,244926.519696723
2013-12-01,036,Cancún,149001.425411157
2013-12-01,037,San Luis,194081.796991239
2013-12-01,038,Cd. Fernández,9150.5714205373
2013-12-01,039,Guaymas,39285.8258762294
2013-12-01,040,Villahermosa,214509.879802861
2013-12-01,041,Tampico,95255.7506412679
2013-12-01,042,Reynosa,140746.595497453
2013-12-01,043,Matamoros,75038.5676396113
2013-12-01,044,Nuevo Laredo,105232.767408458
2013-12-01,045,Tlaxcala,47296.151176631
2013-12-01,046,Veracruz,146661.61910394
2013-12-01,047,Xalapa,79074.5812932512
2013-12-01,048,Poza Rica,54469.1184769461
2013-12-01,049,Orizaba,61022.7512172764
2013-12-01,050,Minatitlán,88295.7878710475
2013-12-01,051,Coatzacoalcos,122445.289085328
2013-12-01,052,Córdoba,23684.1971000085
2013-12-01,053,Mérida,181903.55218265
2013-12-01,054,Zacatecas,46856.2048319565
2013-12-01,055,Ensenada,64382.6908258589
2013-12-01,056,La Paz,55337.9534479909
2013-12-01,057,Los Cabos,41238.7324602957
2013-12-01,058,Campeche,254416.30562471
2013-12-01,059,Cd. del Carmen,245534.859173383
2013-12-01,060,Manzanillo,34470.5225225335
2013-12-01,061,Tapachula,21901.4094589411
2013-12-01,062,Durango,60239.6953959046
2013-12-01,063,Celaya,85734.5689640431
2013-12-01,064,Guanajuato,16115.8860999949
2013-12-01,065,Irapuato,69099.7920544437
2013-12-01,066,Salamanca,48621.8766918772
2013-12-01,067,Uruapan,31005.7925776769
2013-12-01,068,San Juan del Río,43729.8235658348
2013-12-01,069,Los Mochis,49073.9994219411
2013-12-01,070,Culiacán,103239.707527721
2013-12-01,071,Mazatlán,72899.7563029474
2013-12-01,072,Cd. Obregón,51883.7859539229
2013-12-01,073,Hermosillo,134401.740853444
2013-12-01,074,Cárdenas,53959.9006525042
2013-12-01,075,Cd. Victoria,47733.2740825658
2013-12-01,076,Chetumal,21626.8038868632
2013-12-01,077,Chilpancingo,22625.5842928893
2013-12-01,078,Moroleón,10078.1253288605
2014-03-01,001,Aguascalientes,160620.993272687
2014-03-01,002,Tijuana,158386.888168132
2014-03-01,003,Mexicali,210434.059742086
2014-03-01,004,La Laguna,251300.933377936
2014-03-01,005,Saltillo,135290.583090781
2014-03-01,006,Monclova,64479.0588411934
2014-03-01,007,Piedras Negras,40875.422908267
2014-03-01,008,Colima,47694.880347493
2014-03-01,009,Tecomán,11173.517537428
2014-03-01,010,Tuxtla,96943.229443443
2014-03-01,011,Juárez,195490.13436492
2014-03-01,012,Chihuahua,116838.267991609
2014-03-01,013,CDMX,3534869.44565642
2014-03-01,014,León,205984.158119836
2014-03-01,015,San Francisco,20745.2531083528
2014-03-01,016,Acapulco,94932.6704739984
2014-03-01,017,Pachuca,74921.3862876192
2014-03-01,018,Tulancingo,20967.7462705247
2014-03-01,019,Tula,41972.593985679
2014-03-01,020,Guadalajara,683350.85253715
2014-03-01,021,Puerto Vallarta,57105.9436313301
2014-03-01,022,Ocotlán,13219.4550245923
2014-03-01,023,Toluca,198590.602926415
2014-03-01,024,Morelia,102219.292545795
2014-03-01,025,Zamora,21329.7685432973
2014-03-01,026,Pénjamo,24834.9304617536
2014-03-01,027,Cuernavaca,92299.4302819628
2014-03-01,028,Cuautla,51316.9786248027
2014-03-01,029,Tepic,54806.1981525915
2014-03-01,030,Monterrey,974286.239973313
2014-03-01,031,Oaxaca,76711.2281544335
2014-03-01,032,Tehuantepec,35319.7852269054
2014-03-01,033,Puebla,322074.017006112
2014-03-01,034,Tehuacán,25119.2163501747
2014-03-01,035,Querétaro,246365.817796912
2014-03-01,036,Cancún,144074.154678594
2014-03-01,037,San Luis,191572.762559994
2014-03-01,038,Cd. Fernández,8767.5326689378
2014-03-01,039,Guaymas,32968.0783899244
2014-03-01,040,Villahermosa,211198.297817581
2014-03-01,041,Tampico,96732.7922498097
2014-03-01,042,Reynosa,155664.774401739
2014-03-01,043,Matamoros,80170.2763504194
2014-03-01,044,Nuevo Laredo,108690.666962145
2014-03-01,045,Tlaxcala,44224.3678597131
2014-03-01,046,Veracruz,160705.634380923
2014-03-01,047,Xalapa,79564.7425587774
2014-03-01,048,Poza Rica,53501.2709551487
2014-03-01,049,Orizaba,60905.1577167328
2014-03-01,050,Minatitlán,85815.9909694505
2014-03-01,051,Coatzacoalcos,125302.888156047
2014-03-01,052,Córdoba,23054.7638005012
2014-03-01,053,Mérida,178717.56720795
2014-03-01,054,Zacatecas,45646.4169408325
2014-03-01,055,Ensenada,50645.3103467858
2014-03-01,056,La Paz,49096.3193608759
2014-03-01,057,Los Cabos,42287.8848694803
2014-03-01,058,Campeche,269816.052389803
2014-03-01,059,Cd. del Carmen,221311.91783502
2014-03-01,060,Manzanillo,32881.6418594379
2014-03-01,061,Tapachula,20974.8456509529
2014-03-01,062,Durango,60459.2564188984
2014-03-01,063,Celaya,83825.2084795228
2014-03-01,064,Guanajuato,21856.7466169116
2014-03-01,065,Irapuato,66729.2341913057
2014-03-01,066,Salamanca,44673.1579449925
2014-03-01,067,Uruapan,31872.8451204223
2014-03-01,068,San Juan del Río,42315.4299056533
2014-03-01,069,Los Mochis,40938.3913227009
2014-03-01,070,Culiacán,119047.934671645
2014-03-01,071,Mazatlán,66599.2463442968
2014-03-01,072,Cd. Obregón,45732.3055363854
2014-03-01,073,Hermosillo,152241.494715071
2014-03-01,074,Cárdenas,47688.6904484419
2014-03-01,075,Cd. Victoria,32759.5803859502
2014-03-01,076,Chetumal,26286.9790678076
2014-03-01,077,Chilpancingo,26609.6085118916
2014-03-01,078,Moroleón,9706.60937075163
2014-06-01,001,Aguascalientes,164502.533121769
2014-06-01,002,Tijuana,164127.56535354
2014-06-01,003,Mexicali,216299.427079677
2014-06-01,004,La Laguna,258819.206592666
2014-06-01,005,Saltillo,138537.220040567
2014-06-01,006,Monclova,66800.1421874415
2014-06-01,007,Piedras Negras,42402.8103079297
2014-06-01,008,Colima,48525.3885263535
2014-06-01,009,Tecomán,11406.1536119452
2014-06-01,010,Tuxtla,98232.8699582657
2014-06-01,011,Juárez,207268.409099747
2014-06-01,012,Chihuahua,125672.372400643
2014-06-01,013,CDMX,3618965.8905252
2014-06-01,014,León,213124.013608661
2014-06-01,015,San Francisco,21487.8412098159
2014-06-01,016,Acapulco,95549.8681306295
2014-06-01,017,Pachuca,76056.641768981
2014-06-01,018,Tulancingo,22172.228044657
2014-06-01,019,Tula,43553.8469517573
2014-06-01,020,Guadalajara,707892.489643914
2014-06-01,021,Puerto Vallarta,55665.6210810405
2014-06-01,022,Ocotlán,13389.8879373916
2014-06-01,023,Toluca,202538.385576822
2014-06-01,024,Morelia,102354.369684132
2014-06-01,025,Zamora,21601.7411750994
2014-06-01,026,Pénjamo,25301.5860962359
2014-06-01,027,Cuernavaca,92954.2603856685
2014-06-01,028,Cuautla,51985.7526573667
2014-06-01,029,Tepic,55463.4538507129
2014-06-01,030,Monterrey,1000783.94151482
2014-06-01,031,Oaxaca,78214.9362471755
2014-06-01,032,Tehuantepec,35449.9582496512
2014-06-01,033,Puebla,328701.895225824
2014-06-01,034,Tehuacán,26108.6471395964
2014-06-01,035,Querétaro,252205.138635685
2014-06-01,036,Cancún,146947.248224869
2014-06-01,037,San Luis,196898.592109863
2014-06-01,038,Cd. Fernández,9013.1585932287
2014-06-01,039,Guaymas,33284.3304329747
2014-06-01,040,Villahermosa,213049.992800885
2014-06-01,041,Tampico,97035.8182976328
2014-06-01,042,Reynosa,151340.105122843
2014-06-01,043,Matamoros,78028.262739286
2014-06-01,044,Nuevo Laredo,106393.17765341
2014-06-01,045,Tlaxcala,45874.5381482483
2014-06-01,046,Veracruz,162739.09572408
2014-06-01,047,Xalapa,80624.6587052254
2014-06-01,048,Poza Rica,53833.445671149
2014-06-01,049,Orizaba,61591.3460997223
2014-06-01,050,Minatitlán,86552.4816208774
2014-06-01,051,Coatzacoalcos,125723.627407318
2014-06-01,052,Córdoba,23162.0193440151
2014-06-01,053,Mérida,182738.248247343
2014-06-01,054,Zacatecas,49081.3487234165
2014-06-01,055,Ensenada,52164.4983429607
2014-06-01,056,La Paz,51024.5562410713
2014-06-01,057,Los Cabos,42432.4097366311
2014-06-01,058,Campeche,271386.184143583
2014-06-01,059,Cd. del Carmen,224144.387721708
2014-06-01,060,Manzanillo,33768.3616979226
2014-06-01,061,Tapachula,21024.4157515316
2014-06-01,062,Durango,63914.6643705839
2014-06-01,063,Celaya,87430.5507710276
2014-06-01,064,Guanajuato,22358.0986954224
2014-06-01,065,Irapuato,69160.0570511189
2014-06-01,066,Salamanca,46864.2705937847
2014-06-01,067,Uruapan,32517.5821818947
2014-06-01,068,San Juan del Río,43473.6059246314
2014-06-01,069,Los Mochis,43811.7189664579
2014-06-01,070,Culiacán,118017.511321507
2014-06-01,071,Mazatlán,68957.8265840716
2014-06-01,072,Cd. Obregón,47842.2327768708
2014-06-01,073,Hermosillo,154340.800679338
2014-06-01,074,Cárdenas,48065.3582386488
2014-06-01,075,Cd. Victoria,32228.1158010349
2014-06-01,076,Chetumal,26693.566415502
2014-06-01,077,Chilpancingo,26888.2510180563
2014-06-01,078,Moroleón,9929.50328622465
2014-09-01,001,Aguascalientes,164924.017120532
2014-09-01,002,Tijuana,164999.582088668
2014-09-01,003,Mexicali,213197.242421123
2014-09-01,004,La Laguna,259892.328729472
2014-09-01,005,Saltillo,136334.496859945
2014-09-01,006,Monclova,66612.6463556061
2014-09-01,007,Piedras Negras,42546.2923532032
2014-09-01,008,Colima,49014.6962678441
2014-09-01,009,Tecomán,11399.4676819544
2014-09-01,010,Tuxtla,98378.8555671582
2014-09-01,011,Juárez,204426.037450947
2014-09-01,012,Chihuahua,125610.564914389
2014-09-01,013,CDMX,3631706.39248872
2014-09-01,014,León,215505.081850128
2014-09-01,015,San Francisco,21740.2439646582
2014-09-01,016,Acapulco,95531.2375397476
2014-09-01,017,Pachuca,75782.7881934388
2014-09-01,018,Tulancingo,21630.102506615
2014-09-01,019,Tula,42296.4219021816
2014-09-01,020,Guadalajara,712700.922614182
2014-09-01,021,Puerto Vallarta,54582.755520825
2014-09-01,022,Ocotlán,13387.1869381026
2014-09-01,023,Toluca,201245.469408397
2014-09-01,024,Morelia,102742.254026584
2014-09-01,025,Zamora,21469.409147317
2014-09-01,026,Pénjamo,25034.2769791857
2014-09-01,027,Cuernavaca,92180.3586950511
2014-09-01,028,Cuautla,50751.0561297301
2014-09-01,029,Tepic,55241.8090126921
2014-09-01,030,Monterrey,1005647.9719567
2014-09-01,031,Oaxaca,77609.31428114
2014-09-01,032,Tehuantepec,34994.535569276
2014-09-01,033,Puebla,329505.932077076
2014-09-01,034,Tehuacán,26231.0627198761
2014-09-01,035,Querétaro,256102.164977289
2014-09-01,036,Cancún,149101.715763268
2014-09-01,037,San Luis,197934.587338576
2014-09-01,038,Cd. Fernández,8932.71287842637
2014-09-01,039,Guaymas,32063.4134265973
2014-09-01,040,Villahermosa,213689.620589107
2014-09-01,041,Tampico,97488.6114784715
2014-09-01,042,Reynosa,153051.135601651
2014-09-01,043,Matamoros,80275.6839982751
2014-09-01,044,Nuevo Laredo,108081.26324945
2014-09-01,045,Tlaxcala,45566.0461044771
2014-09-01,046,Veracruz,162099.244770092
2014-09-01,047,Xalapa,80585.2875794356
2014-09-01,048,Poza Rica,53860.4682933985
2014-09-01,049,Orizaba,62407.6774991404
2014-09-01,050,Minatitlán,86649.0545573853
2014-09-01,051,Coatzacoalcos,125394.860208901
2014-09-01,052,Córdoba,23180.4731781915
2014-09-01,053,Mérida,182802.30278039
2014-09-01,054,Zacatecas,49492.585371309
2014-09-01,055,Ensenada,52774.1128146303
2014-09-01,056,La Paz,49649.2530431346
2014-09-01,057,Los Cabos,38593.4828630643
2014-09-01,058,Campeche,265495.618262883
2014-09-01,059,Cd. del Carmen,219769.835738087
2014-09-01,060,Manzanillo,33855.1470630346
2014-09-01,061,Tapachula,20952.3061239848
2014-09-01,062,Durango,62722.5987532323
2014-09-01,063,Celaya,87752.7393120194
2014-09-01,064,Guanajuato,22401.5262167826
2014-09-01,065,Irapuato,70181.1374178294
2014-09-01,066,Salamanca,47963.055247608
2014-09-01,067,Uruapan,32626.634461374
2014-09-01,068,San Juan del Río,44054.0919081278
2014-09-01,069,Los Mochis,44091.6861017483
2014-09-01,070,Culiacán,115784.836701344
2014-09-01,071,Mazatlán,68740.2841893058
2014-09-01,072,Cd. Obregón,47948.6011329785
2014-09-01,073,Hermosillo,150353.389292248
2014-09-01,074,Cárdenas,47650.5925548162
2014-09-01,075,Cd. Victoria,32861.3285922303
2014-09-01,076,Chetumal,26593.6113007478
2014-09-01,077,Chilpancingo,26925.424527905
2014-09-01,078,Moroleón,10017.2553970333
2014-12-01,001,Aguascalientes,172290.415085509
2014-12-01,002,Tijuana,175627.285719153
2014-12-01,003,Mexicali,225314.995779985
2014-12-01,004,La Laguna,271718.147824901
2014-12-01,005,Saltillo,142135.447091891
2014-12-01,006,Monclova,68581.1286627829
2014-12-01,007,Piedras Negras,43975.9759717733
2014-12-01,008,Colima,50554.315354649
2014-12-01,009,Tecomán,11794.5206135246
2014-12-01,010,Tuxtla,102481.189028886
2014-12-01,011,Juárez,227321.561827156
2014-12-01,012,Chihuahua,136924.157323018
2014-12-01,013,CDMX,3871794.56423665
2014-12-01,014,León,227248.751701842
2014-12-01,015,San Francisco,22880.893275367
2014-12-01,016,Acapulco,99554.6860209559
2014-12-01,017,Pachuca,80260.0378333998
2014-12-01,018,Tulancingo,23523.236297465
2014-12-01,019,Tula,47151.3822286043
2014-12-01,020,Guadalajara,759680.148107229
2014-12-01,021,Puerto Vallarta,58029.3123097412
2014-12-01,022,Ocotlán,13765.805526449
2014-12-01,023,Toluca,211753.874798426
2014-12-01,024,Morelia,106587.116865634
2014-12-01,025,Zamora,21975.9291016384
2014-12-01,026,Pénjamo,26110.1929910808
2014-12-01,027,Cuernavaca,97350.1234811915
2014-12-01,028,Cuautla,53840.0386745863
2014-12-01,029,Tepic,57654.3040676668
2014-12-01,030,Monterrey,1043565.85384528
2014-12-01,031,Oaxaca,81852.5095704419
2014-12-01,032,Tehuantepec,36833.1786209478
2014-12-01,033,Puebla,344533.480312399
2014-12-01,034,Tehuacán,27346.8695514832
2014-12-01,035,Querétaro,265207.782738575
2014-12-01,036,Cancún,153772.204941817
2014-12-01,037,San Luis,206884.562816163
2014-12-01,038,Cd. Fernández,9339.93395230193
2014-12-01,039,Guaymas,35262.2986271177
2014-12-01,040,Villahermosa,220488.36173876
2014-12-01,041,Tampico,96801.3693764058
2014-12-01,042,Reynosa,151368.987099098
2014-12-01,043,Matamoros,79371.29514611
2014-12-01,044,Nuevo Laredo,106640.582397999
2014-12-01,045,Tlaxcala,48557.5391049849
2014-12-01,046,Veracruz,164142.505254708
2014-12-01,047,Xalapa,81370.0235552878
2014-12-01,048,Poza Rica,54759.0273248675
2014-12-01,049,Orizaba,63418.3725751569
2014-12-01,050,Minatitlán,88169.745381986
2014-12-01,051,Coatzacoalcos,127480.647349074
2014-12-01,052,Córdoba,23611.5755797497
2014-12-01,053,Mérida,190835.13852
2014-12-01,054,Zacatecas,51973.1962018132
2014-12-01,055,Ensenada,53153.4415008615
2014-12-01,056,La Paz,54448.9646665277
2014-12-01,057,Los Cabos,42977.6264841445
2014-12-01,058,Campeche,272618.25550599
2014-12-01,059,Cd. del Carmen,222263.101077662
2014-12-01,060,Manzanillo,35034.0813844184
2014-12-01,061,Tapachula,21699.2563057659
2014-12-01,062,Durango,66386.8995080628
2014-12-01,063,Celaya,92227.2949170379
2014-12-01,064,Guanajuato,23697.9319828861
2014-12-01,065,Irapuato,73739.5790934402
2014-12-01,066,Salamanca,51361.5436936026
2014-12-01,067,Uruapan,33347.6326601548
2014-12-01,068,San Juan del Río,45669.0173300034
2014-12-01,069,Los Mochis,49300.245451808
2014-12-01,070,Culiacán,130614.108643578
2014-12-01,071,Mazatlán,75422.7787480888
2014-12-01,072,Cd. Obregón,50351.4405611255
2014-12-01,073,Hermosillo,160500.972704044
2014-12-01,074,Cárdenas,50150.035039483
2014-12-01,075,Cd. Victoria,32698.4340584398
2014-12-01,076,Chetumal,27572.5522285817
2014-12-01,077,Chilpancingo,28237.5163602631
2014-12-01,078,Moroleón,10574.4312323863
2015-03-01,001,Aguascalientes,167886.535962472
2015-03-01,002,Tijuana,167500.396326679
2015-03-01,003,Mexicali,216192.724700421
2015-03-01,004,La Laguna,267367.348720378
2015-03-01,005,Saltillo,140657.52803068
2015-03-01,006,Monclova,67242.9979058795
2015-03-01,007,Piedras Negras,43070.7954104493
2015-03-01,008,Colima,50031.4025622536
2015-03-01,009,Tecomán,11691.879514179
2015-03-01,010,Tuxtla,99438.0564035406
2015-03-01,011,Juárez,213875.030330954
2015-03-01,012,Chihuahua,128349.915726966
2015-03-01,013,CDMX,3717594.52807724
2015-03-01,014,León,220766.533298901
2015-03-01,015,San Francisco,22463.1435228256
2015-03-01,016,Acapulco,97735.6417087453
2015-03-01,017,Pachuca,74327.1265917493
2015-03-01,018,Tulancingo,21713.3469558962
2015-03-01,019,Tula,43616.6039536112
2015-03-01,020,Guadalajara,731101.322413064
2015-03-01,021,Puerto Vallarta,60283.7610690944
2015-03-01,022,Ocotlán,13339.8547447774
2015-03-01,023,Toluca,202462.774662748
2015-03-01,024,Morelia,105307.730047741
2015-03-01,025,Zamora,21660.4920737081
2015-03-01,026,Pénjamo,25880.2804152764
2015-03-01,027,Cuernavaca,94262.5368514405
2015-03-01,028,Cuautla,52368.8078667055
2015-03-01,029,Tepic,56145.7999648083
2015-03-01,030,Monterrey,1030884.84724952
2015-03-01,031,Oaxaca,78156.1666732345
2015-03-01,032,Tehuantepec,36578.5105786861
2015-03-01,033,Puebla,336331.065057051
2015-03-01,034,Tehuacán,27139.6714399734
2015-03-01,035,Querétaro,264028.051985401
2015-03-01,036,Cancún,153618.403068524
2015-03-01,037,San Luis,200370.339371451
2015-03-01,038,Cd. Fernández,9051.40574856717
2015-03-01,039,Guaymas,34052.0469536068
2015-03-01,040,Villahermosa,214313.032545212
2015-03-01,041,Tampico,98059.685133143
2015-03-01,042,Reynosa,156222.069384222
2015-03-01,043,Matamoros,81406.3926462169
2015-03-01,044,Nuevo Laredo,108762.550352334
2015-03-01,045,Tlaxcala,45820.8248529314
2015-03-01,046,Veracruz,161685.885663337
2015-03-01,047,Xalapa,80149.6459561148
2015-03-01,048,Poza Rica,54061.863553164
2015-03-01,049,Orizaba,62390.2423883198
2015-03-01,050,Minatitlán,86931.1404842783
2015-03-01,051,Coatzacoalcos,125617.127597399
2015-03-01,052,Córdoba,23286.7041892691
2015-03-01,053,Mérida,186099.532843863
2015-03-01,054,Zacatecas,49035.7926824626
2015-03-01,055,Ensenada,50430.0051741555
2015-03-01,056,La Paz,51867.5145206303
2015-03-01,057,Los Cabos,42060.8871622807
2015-03-01,058,Campeche,258523.521593252
2015-03-01,059,Cd. del Carmen,208736.794912184
2015-03-01,060,Manzanillo,34670.6858796955
2015-03-01,061,Tapachula,21106.2902690322
2015-03-01,062,Durango,65190.362875317
2015-03-01,063,Celaya,89673.4147733714
2015-03-01,064,Guanajuato,22927.1659197012
2015-03-01,065,Irapuato,71727.6096466714
2015-03-01,066,Salamanca,50154.3279132337
2015-03-01,067,Uruapan,32447.7894839842
2015-03-01,068,San Juan del Río,45518.6515202232
2015-03-01,069,Los Mochis,46273.4774539202
2015-03-01,070,Culiacán,125000.2481527
2015-03-01,071,Mazatlán,70583.8388113464
2015-03-01,072,Cd. Obregón,48300.3276998311
2015-03-01,073,Hermosillo,153720.460461178
2015-03-01,074,Cárdenas,48723.3627874989
2015-03-01,075,Cd. Victoria,33625.9811030469
2015-03-01,076,Chetumal,27652.2124192242
2015-03-01,077,Chilpancingo,27682.7627690862
2015-03-01,078,Moroleón,10009.9455723223
2015-06-01,001,Aguascalientes,170648.281045331
2015-06-01,002,Tijuana,173569.52128124
2015-06-01,003,Mexicali,218598.587317817
2015-06-01,004,La Laguna,270703.775190796
2015-06-01,005,Saltillo,143660.682740524
2015-06-01,006,Monclova,69445.1457953343
2015-06-01,007,Piedras Negras,44176.5983781353
2015-06-01,008,Colima,50396.8746586478
2015-06-01,009,Tecomán,11933.047199745
2015-06-01,010,Tuxtla,99974.7638652634
2015-06-01,011,Juárez,228774.730987512
2015-06-01,012,Chihuahua,134317.17620096
2015-06-01,013,CDMX,3750805.84049649
2015-06-01,014,León,226286.09135626
2015-06-01,015,San Francisco,22631.3457542843
2015-06-01,016,Acapulco,96982.7979196139
2015-06-01,017,Pachuca,75551.065206508
2015-06-01,018,Tulancingo,22036.4285528058
2015-06-01,019,Tula,45055.5995728625
2015-06-01,020,Guadalajara,750180.364995768
2015-06-01,021,Puerto Vallarta,57315.9852745252
2015-06-01,022,Ocotlán,13622.7185317029
2015-06-01,023,Toluca,204264.097332731
2015-06-01,024,Morelia,104401.34305357
2015-06-01,025,Zamora,21927.7410064397
2015-06-01,026,Pénjamo,26079.25724222
2015-06-01,027,Cuernavaca,94262.7557933528
2015-06-01,028,Cuautla,53115.0856280963
2015-06-01,029,Tepic,56396.3990901577
2015-06-01,030,Monterrey,1048924.28199005
2015-06-01,031,Oaxaca,79025.4651566768
2015-06-01,032,Tehuantepec,36604.4510001181
2015-06-01,033,Puebla,340622.188508002
2015-06-01,034,Tehuacán,28542.3547088347
2015-06-01,035,Querétaro,269261.429511104
2015-06-01,036,Cancún,156005.354650973
2015-06-01,037,San Luis,204283.774658595
2015-06-01,038,Cd. Fernández,9012.71887114363
2015-06-01,039,Guaymas,33870.4837240641
2015-06-01,040,Villahermosa,216737.945627139
2015-06-01,041,Tampico,98191.3163122756
2015-06-01,042,Reynosa,153386.683613684
2015-06-01,043,Matamoros,80217.6976088862
2015-06-01,044,Nuevo Laredo,107230.526872068
2015-06-01,045,Tlaxcala,47999.9277369554
2015-06-01,046,Veracruz,163109.388359914
2015-06-01,047,Xalapa,80257.0699589307
2015-06-01,048,Poza Rica,54562.2616909129
2015-06-01,049,Orizaba,62917.0111596803
2015-06-01,050,Minatitlán,87714.1368132051
2015-06-01,051,Coatzacoalcos,125986.674061497
2015-06-01,052,Córdoba,23420.111176317
2015-06-01,053,Mérida,188009.857800746
2015-06-01,054,Zacatecas,50668.5326106032
2015-06-01,055,Ensenada,51149.693850163
2015-06-01,056,La Paz,52441.520360701
2015-06-01,057,Los Cabos,42859.9257151316
2015-06-01,058,Campeche,256481.960929187
2015-06-01,059,Cd. del Carmen,211061.819147294
2015-06-01,060,Manzanillo,35548.6568552152
2015-06-01,061,Tapachula,20802.7884448114
2015-06-01,062,Durango,66261.1069322572
2015-06-01,063,Celaya,91174.4456259498
2015-06-01,064,Guanajuato,23529.8052498089
2015-06-01,065,Irapuato,73080.1469857158
2015-06-01,066,Salamanca,51706.3029603088
2015-06-01,067,Uruapan,32389.792409792
2015-06-01,068,San Juan del Río,46608.1819788625
2015-06-01,069,Los Mochis,47758.6255901641
2015-06-01,070,Culiacán,126786.013321957
2015-06-01,071,Mazatlán,73062.3040581585
2015-06-01,072,Cd. Obregón,49759.3448573666
2015-06-01,073,Hermosillo,155237.711377734
2015-06-01,074,Cárdenas,49101.2546668889
2015-06-01,075,Cd. Victoria,33373.4459053579
2015-06-01,076,Chetumal,28296.0350353931
2015-06-01,077,Chilpancingo,27687.95787848
2015-06-01,078,Moroleón,10306.737634597
2015-09-01,001,Aguascalientes,169713.379811912
2015-09-01,002,Tijuana,176256.737266847
2015-09-01,003,Mexicali,218330.536421138
2015-09-01,004,La Laguna,271608.773281443
2015-09-01,005,Saltillo,144229.024885384
2015-09-01,006,Monclova,69053.3706340379
2015-09-01,007,Piedras Negras,44181.0342806793
2015-09-01,008,Colima,50591.427271765
2015-09-01,009,Tecomán,11918.1731838011
2015-09-01,010,Tuxtla,100047.076170643
2015-09-01,011,Juárez,228293.600274091
2015-09-01,012,Chihuahua,131994.409636856
2015-09-01,013,CDMX,3749139.07685084
2015-09-01,014,León,227473.812499222
2015-09-01,015,San Francisco,22989.4351517998
2015-09-01,016,Acapulco,96977.2850478616
2015-09-01,017,Pachuca,75730.61913675
2015-09-01,018,Tulancingo,22092.0753370618
2015-09-01,019,Tula,44493.2966533541
2015-09-01,020,Guadalajara,757956.804918725
2015-09-01,021,Puerto Vallarta,56649.3120439677
2015-09-01,022,Ocotlán,13452.4252715483
2015-09-01,023,Toluca,203617.271665476
2015-09-01,024,Morelia,105168.9135653
2015-09-01,025,Zamora,21591.3193870406
2015-09-01,026,Pénjamo,25923.31881459
2015-09-01,027,Cuernavaca,94252.8077474214
2015-09-01,028,Cuautla,52485.285866985
2015-09-01,029,Tepic,56087.8122688835
2015-09-01,030,Monterrey,1058078.35400581
2015-09-01,031,Oaxaca,79409.0844780217
2015-09-01,032,Tehuantepec,35886.5678655089
2015-09-01,033,Puebla,338595.793798581
2015-09-01,034,Tehuacán,28786.3023844187
2015-09-01,035,Querétaro,273534.044185613
2015-09-01,036,Cancún,158152.804581182
2015-09-01,037,San Luis,204347.321430927
2015-09-01,038,Cd. Fernández,8944.53048232023
2015-09-01,039,Guaymas,32539.718532301
2015-09-01,040,Villahermosa,216694.018078058
2015-09-01,041,Tampico,99230.238504975
2015-09-01,042,Reynosa,155381.466280864
2015-09-01,043,Matamoros,81484.4444807285
2015-09-01,044,Nuevo Laredo,109336.928833966
2015-09-01,045,Tlaxcala,48659.3670823952
2015-09-01,046,Veracruz,162646.003270039
2015-09-01,047,Xalapa,78970.986867409
2015-09-01,048,Poza Rica,54670.5706140592
2015-09-01,049,Orizaba,62692.6982812431
2015-09-01,050,Minatitlán,87433.8938321789
2015-09-01,051,Coatzacoalcos,125556.902810302
2015-09-01,052,Córdoba,23335.8223301268
2015-09-01,053,Mérida,187619.590905995
2015-09-01,054,Zacatecas,49687.1020746435
2015-09-01,055,Ensenada,51351.8267896079
2015-09-01,056,La Paz,51925.0882718215
2015-09-01,057,Los Cabos,42646.8776285397
2015-09-01,058,Campeche,252053.67513115
2015-09-01,059,Cd. del Carmen,205950.852718182
2015-09-01,060,Manzanillo,35345.4829872417
2015-09-01,061,Tapachula,20862.0438084908
2015-09-01,062,Durango,67103.171540667
2015-09-01,063,Celaya,91315.9009600552
2015-09-01,064,Guanajuato,23588.8504079247
2015-09-01,065,Irapuato,73722.0010386964
2015-09-01,066,Salamanca,51510.9439224751
2015-09-01,067,Uruapan,32452.3773908422
2015-09-01,068,San Juan del Río,46937.9705784173
2015-09-01,069,Los Mochis,46727.8395436681
2015-09-01,070,Culiacán,120418.81183773
2015-09-01,071,Mazatlán,72188.4480187489
2015-09-01,072,Cd. Obregón,49037.8476625096
2015-09-01,073,Hermosillo,152323.65634443
2015-09-01,074,Cárdenas,48670.2838435393
2015-09-01,075,Cd. Victoria,33713.1865459673
2015-09-01,076,Chetumal,28883.5434240503
2015-09-01,077,Chilpancingo,27604.2494960786
2015-09-01,078,Moroleón,10531.257252849
2015-12-01,001,Aguascalientes,175062.471347637
2015-12-01,002,Tijuana,185263.861549177
2015-12-01,003,Mexicali,226482.474609449
2015-12-01,004,La Laguna,281148.815207634
2015-12-01,005,Saltillo,148828.58702619
2015-12-01,006,Monclova,71042.2077309324
2015-12-01,007,Piedras Negras,45589.688265073
2015-12-01,008,Colima,51995.7133917648
2015-12-01,009,Tecomán,12329.2685667918
2015-12-01,010,Tuxtla,103799.520871943
2015-12-01,011,Juárez,247650.625344207
2015-12-01,012,Chihuahua,143291.087830027
2015-12-01,013,CDMX,3969113.10783117
2015-12-01,014,León,240796.363461584
2015-12-01,015,San Francisco,24062.3596944256
2015-12-01,016,Acapulco,101611.32226809
2015-12-01,017,Pachuca,82797.4795888463
2015-12-01,018,Tulancingo,23725.7146491027
2015-12-01,019,Tula,48302.4167117047
2015-12-01,020,Guadalajara,794952.224221407
2015-12-01,021,Puerto Vallarta,60736.6114821149
2015-12-01,022,Ocotlán,14307.5905886642
2015-12-01,023,Toluca,211741.194721041
2015-12-01,024,Morelia,108585.019512646
2015-12-01,025,Zamora,22213.8708588791
2015-12-01,026,Pénjamo,27092.8082220074
2015-12-01,027,Cuernavaca,98543.2031843605
2015-12-01,028,Cuautla,55375.2473658145
2015-12-01,029,Tepic,58069.2874901665
2015-12-01,030,Monterrey,1103900.75639269
2015-12-01,031,Oaxaca,82805.1242513299
2015-12-01,032,Tehuantepec,36854.7331487286
2015-12-01,033,Puebla,355254.308276422
2015-12-01,034,Tehuacán,30074.4363300463
2015-12-01,035,Querétaro,281831.388456903
2015-12-01,036,Cancún,163083.513333864
2015-12-01,037,San Luis,213164.468814227
2015-12-01,038,Cd. Fernández,9303.33595797009
2015-12-01,039,Guaymas,35044.7287973014
2015-12-01,040,Villahermosa,222902.120802529
2015-12-01,041,Tampico,98639.431013788
2015-12-01,042,Reynosa,153491.175473825
2015-12-01,043,Matamoros,80623.1048520087
2015-12-01,044,Nuevo Laredo,107502.252885207
2015-12-01,045,Tlaxcala,52375.0463889787
2015-12-01,046,Veracruz,164597.236346153
2015-12-01,047,Xalapa,81469.14330334
2015-12-01,048,Poza Rica,55728.3779081806
2015-12-01,049,Orizaba,63813.8847456783
2015-12-01,050,Minatitlán,89026.5720216371
2015-12-01,051,Coatzacoalcos,127699.893360993
2015-12-01,052,Córdoba,23787.0496715776
2015-12-01,053,Mérida,195843.227914609
2015-12-01,054,Zacatecas,51632.9907014054
2015-12-01,055,Ensenada,53367.8250738334
2015-12-01,056,La Paz,54040.5634495074
2015-12-01,057,Los Cabos,44862.3435185325
2015-12-01,058,Campeche,255856.062529814
2015-12-01,059,Cd. del Carmen,208603.994813227
2015-12-01,060,Manzanillo,36341.9909804866
2015-12-01,061,Tapachula,21567.6416126034
2015-12-01,062,Durango,69497.3912243
2015-12-01,063,Celaya,95656.3119882865
2015-12-01,064,Guanajuato,24408.8668798603
2015-12-01,065,Irapuato,77441.8885997233
2015-12-01,066,Salamanca,54347.4396224092
2015-12-01,067,Uruapan,33442.2715422059
2015-12-01,068,San Juan del Río,48398.1002596031
2015-12-01,069,Los Mochis,51545.2163231521
2015-12-01,070,Culiacán,135758.411447638
2015-12-01,071,Mazatlán,79734.5698762122
2015-12-01,072,Cd. Obregón,52488.6776770668
2015-12-01,073,Hermosillo,161163.053058389
2015-12-01,074,Cárdenas,50376.1714348133
2015-12-01,075,Cd. Victoria,33660.9223039571
2015-12-01,076,Chetumal,29986.5159115382
2015-12-01,077,Chilpancingo,29071.5282282078
2015-12-01,078,Moroleón,11575.865846854
2016-03-01,001,Aguascalientes,167221.542574538
2016-03-01,002,Tijuana,176213.267299706
2016-03-01,003,Mexicali,164661.906550235
2016-03-01,004,La Laguna,269464.445924765
2016-03-01,005,Saltillo,140965.379248652
2016-03-01,006,Monclova,67951.9729228899
2016-03-01,007,Piedras Negras,43820.1117195322
2016-03-01,008,Colima,50319.2935417497
2016-03-01,009,Tecomán,11826.1786928573
2016-03-01,010,Tuxtla,95209.1961104927
2016-03-01,011,Juárez,219931.380313639
2016-03-01,012,Chihuahua,110338.918981129
2016-03-01,013,CDMX,3475129.920723
2016-03-01,014,León,223088.951960865
2016-03-01,015,San Francisco,22308.3745396618
2016-03-01,016,Acapulco,95365.2774443784
2016-03-01,017,Pachuca,65192.912205116
2016-03-01,018,Tulancingo,19846.2924671774
2016-03-01,019,Tula,41826.8477582604
2016-03-01,020,Guadalajara,702103.304038334
2016-03-01,021,Puerto Vallarta,62099.6557168439
2016-03-01,022,Ocotlán,13321.78925471
2016-03-01,023,Toluca,182090.190585216
2016-03-01,024,Morelia,105125.334079391
2016-03-01,025,Zamora,21494.4708639035
2016-03-01,026,Pénjamo,25423.7416422688
2016-03-01,027,Cuernavaca,90703.9689920888
2016-03-01,028,Cuautla,52459.7568331519
2016-03-01,029,Tepic,54945.7380904309
2016-03-01,030,Monterrey,1063162.19580062
2016-03-01,031,Oaxaca,75704.1223645102
2016-03-01,032,Tehuantepec,35109.5236082274
2016-03-01,033,Puebla,327329.318876616
2016-03-01,034,Tehuacán,28411.7562788577
2016-03-01,035,Querétaro,272914.760884281
2016-03-01,036,Cancún,154811.88819933
2016-03-01,037,San Luis,195862.951217158
2016-03-01,038,Cd. Fernández,8946.68000497718
2016-03-01,039,Guaymas,30614.9417863106
2016-03-01,040,Villahermosa,205568.13194951
2016-03-01,041,Tampico,100017.652017952
2016-03-01,042,Reynosa,156034.954143746
2016-03-01,043,Matamoros,80652.7120519581
2016-03-01,044,Nuevo Laredo,111507.601028895
2016-03-01,045,Tlaxcala,43348.9264331003
2016-03-01,046,Veracruz,157764.101957286
2016-03-01,047,Xalapa,78343.7773555106
2016-03-01,048,Poza Rica,53654.8643038027
2016-03-01,049,Orizaba,62778.206144472
2016-03-01,050,Minatitlán,87027.784523092
2016-03-01,051,Coatzacoalcos,122197.289101474
2016-03-01,052,Córdoba,23201.1802638989
2016-03-01,053,Mérida,180855.833026833
2016-03-01,054,Zacatecas,48934.4412895379
2016-03-01,055,Ensenada,48425.6020745675
2016-03-01,056,La Paz,50115.5199145034
2016-03-01,057,Los Cabos,41515.5601426895
2016-03-01,058,Campeche,219751.030978221
2016-03-01,059,Cd. del Carmen,189882.00845261
2016-03-01,060,Manzanillo,35311.8495667755
2016-03-01,061,Tapachula,20481.9488680797
2016-03-01,062,Durango,60052.6688863287
2016-03-01,063,Celaya,88610.1925413019
2016-03-01,064,Guanajuato,20252.3821655878
2016-03-01,065,Irapuato,72338.466284668
2016-03-01,066,Salamanca,50711.9907676968
2016-03-01,067,Uruapan,31068.208601936
2016-03-01,068,San Juan del Río,47424.8571953896
2016-03-01,069,Los Mochis,46335.4940179337
2016-03-01,070,Culiacán,109699.955379354
2016-03-01,071,Mazatlán,68311.2269143317
2016-03-01,072,Cd. Obregón,46704.5064353054
2016-03-01,073,Hermosillo,132387.763326816
2016-03-01,074,Cárdenas,47934.790462564
2016-03-01,075,Cd. Victoria,36717.8353768563
2016-03-01,076,Chetumal,27118.9927287512
2016-03-01,077,Chilpancingo,25457.4906432546
2016-03-01,078,Moroleón,10656.9367638736
2016-06-01,001,Aguascalientes,168034.440349639
2016-06-01,002,Tijuana,178987.321393282
2016-06-01,003,Mexicali,162546.093469573
2016-06-01,004,La Laguna,271250.245252357
2016-06-01,005,Saltillo,143550.722794324
2016-06-01,006,Monclova,68831.9717127118
2016-06-01,007,Piedras Negras,44303.5268888042
2016-06-01,008,Colima,50853.2296328105
2016-06-01,009,Tecomán,12004.461135205
2016-06-01,010,Tuxtla,95372.5844748821
2016-06-01,011,Juárez,221148.947793027
2016-06-01,012,Chihuahua,113240.869609753
2016-06-01,013,CDMX,3546213.63694052
2016-06-01,014,León,226914.544373003
2016-06-01,015,San Francisco,23239.6569688731
2016-06-01,016,Acapulco,93587.0230556659
2016-06-01,017,Pachuca,64996.6278694045
2016-06-01,018,Tulancingo,20019.4590870279
2016-06-01,019,Tula,42469.19765808
2016-06-01,020,Guadalajara,717945.838839057
2016-06-01,021,Puerto Vallarta,58341.4074060664
2016-06-01,022,Ocotlán,12999.3547148945
2016-06-01,023,Toluca,186368.081609736
2016-06-01,024,Morelia,104466.751344616
2016-06-01,025,Zamora,21546.5848735683
2016-06-01,026,Pénjamo,25459.1272457769
2016-06-01,027,Cuernavaca,90898.2777789997
2016-06-01,028,Cuautla,52665.0532678723
2016-06-01,029,Tepic,54493.1902205944
2016-06-01,030,Monterrey,1076086.65965627
2016-06-01,031,Oaxaca,76423.0656888739
2016-06-01,032,Tehuantepec,34095.2212747958
2016-06-01,033,Puebla,333109.80557872
2016-06-01,034,Tehuacán,28782.1706492157
2016-06-01,035,Querétaro,277369.719659152
2016-06-01,036,Cancún,156052.542182058
2016-06-01,037,San Luis,197844.872590297
2016-06-01,038,Cd. Fernández,8975.33141210143
2016-06-01,039,Guaymas,30489.6864077739
2016-06-01,040,Villahermosa,205382.238837087
2016-06-01,041,Tampico,101049.636040997
2016-06-01,042,Reynosa,156832.33379694
2016-06-01,043,Matamoros,82463.5288720306
2016-06-01,044,Nuevo Laredo,111951.300541354
2016-06-01,045,Tlaxcala,44265.6095113179
2016-06-01,046,Veracruz,158802.544383692
2016-06-01,047,Xalapa,79173.5968352808
2016-06-01,048,Poza Rica,53867.2615389465
2016-06-01,049,Orizaba,63319.8966698047
2016-06-01,050,Minatitlán,87225.5187421952
2016-06-01,051,Coatzacoalcos,122220.472443761
2016-06-01,052,Córdoba,23098.1256481875
2016-06-01,053,Mérida,183279.749630561
2016-06-01,054,Zacatecas,49918.0364250786
2016-06-01,055,Ensenada,48498.388824148
2016-06-01,056,La Paz,50786.1876625984
2016-06-01,057,Los Cabos,41936.2510000456
2016-06-01,058,Campeche,220619.024629974
2016-06-01,059,Cd. del Carmen,187825.361776262
2016-06-01,060,Manzanillo,35890.6747709488
2016-06-01,061,Tapachula,20493.517140848
2016-06-01,062,Durango,60046.4752819295
2016-06-01,063,Celaya,90809.9894589514
2016-06-01,064,Guanajuato,20947.375794643
2016-06-01,065,Irapuato,74526.4251799601
2016-06-01,066,Salamanca,51766.1178588718
2016-06-01,067,Uruapan,31080.8362472001
2016-06-01,068,San Juan del Río,47927.6249082952
2016-06-01,069,Los Mochis,47040.5390415396
2016-06-01,070,Culiacán,109019.716775702
2016-06-01,071,Mazatlán,67239.8668445018
2016-06-01,072,Cd. Obregón,46783.5049857272
2016-06-01,073,Hermosillo,134095.640098156
2016-06-01,074,Cárdenas,48028.1194466354
2016-06-01,075,Cd. Victoria,36195.7811160854
2016-06-01,076,Chetumal,27220.6273714686
2016-06-01,077,Chilpancingo,25354.8663461184
2016-06-01,078,Moroleón,10816.1146011199
2016-09-01,001,Aguascalientes,166669.904416645
2016-09-01,002,Tijuana,178383.044126539
2016-09-01,003,Mexicali,158671.088779548
2016-09-01,004,La Laguna,269886.940438234
2016-09-01,005,Saltillo,142793.806390154
2016-09-01,006,Monclova,68323.9572719049
2016-09-01,007,Piedras Negras,43659.7948668795
2016-09-01,008,Colima,50741.8181611874
2016-09-01,009,Tecomán,12017.3844911605
2016-09-01,010,Tuxtla,93654.7072779129
2016-09-01,011,Juárez,217396.487977366
2016-09-01,012,Chihuahua,110587.741309441
2016-09-01,013,CDMX,3463850.40058821
2016-09-01,014,León,225375.514308922
2016-09-01,015,San Francisco,22695.3965151772
2016-09-01,016,Acapulco,94024.6107122453
2016-09-01,017,Pachuca,62163.4961977297
2016-09-01,018,Tulancingo,19905.0811319026
2016-09-01,019,Tula,41458.4063898086
2016-09-01,020,Guadalajara,706296.626257742
2016-09-01,021,Puerto Vallarta,56374.5561412764
2016-09-01,022,Ocotlán,13043.0249932671
2016-09-01,023,Toluca,183809.056816597
2016-09-01,024,Morelia,102420.09415816
2016-09-01,025,Zamora,21471.1655520801
2016-09-01,026,Pénjamo,24909.6493598245
2016-09-01,027,Cuernavaca,88388.4086043451
2016-09-01,028,Cuautla,51775.707467871
2016-09-01,029,Tepic,53295.4474575306
2016-09-01,030,Monterrey,1076170.4931663
2016-09-01,031,Oaxaca,73705.9768093063
2016-09-01,032,Tehuantepec,32584.240549416
2016-09-01,033,Puebla,330395.177873565
2016-09-01,034,Tehuacán,28783.1003228025
2016-09-01,035,Querétaro,277972.814983817
2016-09-01,036,Cancún,157383.135120552
2016-09-01,037,San Luis,197490.694016874
2016-09-01,038,Cd. Fernández,8885.17377185678
2016-09-01,039,Guaymas,29367.9253741703
2016-09-01,040,Villahermosa,202014.884518722
2016-09-01,041,Tampico,101994.317805872
2016-09-01,042,Reynosa,159364.752231203
2016-09-01,043,Matamoros,82992.9702874759
2016-09-01,044,Nuevo Laredo,114319.419490215
2016-09-01,045,Tlaxcala,43861.5834474965
2016-09-01,046,Veracruz,158064.167737182
2016-09-01,047,Xalapa,79082.8284371435
2016-09-01,048,Poza Rica,53773.5943943128
2016-09-01,049,Orizaba,62862.3083272376
2016-09-01,050,Minatitlán,86652.742376054
2016-09-01,051,Coatzacoalcos,121275.191648564
2016-09-01,052,Córdoba,23002.1855614109
2016-09-01,053,Mérida,182544.151724427
2016-09-01,054,Zacatecas,48878.0459521222
2016-09-01,055,Ensenada,48529.0397819604
2016-09-01,056,La Paz,48940.1326738633
2016-09-01,057,Los Cabos,40651.3297718523
2016-09-01,058,Campeche,215451.88581565
2016-09-01,059,Cd. del Carmen,179711.556532859
2016-09-01,060,Manzanillo,35656.3251496594
2016-09-01,061,Tapachula,20177.9680485888
2016-09-01,062,Durango,59564.4056544895
2016-09-01,063,Celaya,89402.6464267696
2016-09-01,064,Guanajuato,21031.5322375601
2016-09-01,065,Irapuato,73380.2115477274
2016-09-01,066,Salamanca,50882.5552552188
2016-09-01,067,Uruapan,31000.4458660956
2016-09-01,068,San Juan del Río,48046.052229832
2016-09-01,069,Los Mochis,45905.9740664813
2016-09-01,070,Culiacán,103288.474574279
2016-09-01,071,Mazatlán,67261.0233350964
2016-09-01,072,Cd. Obregón,45056.6585645897
2016-09-01,073,Hermosillo,128571.132734584
2016-09-01,074,Cárdenas,47502.0930440068
2016-09-01,075,Cd. Victoria,36541.2626511226
2016-09-01,076,Chetumal,27526.445651986
2016-09-01,077,Chilpancingo,25179.3129658727
2016-09-01,078,Moroleón,10442.3392504885
NA,013,CDMX,637494.229223738
NA,031,Oaxaca,39630.0655437076
NA,032,Tehuantepec,17584.8449396267
NA,033,Puebla,217048.797467988
NA,045,Tlaxcala,11212.4203398664
NA,047,Xalapa,65801.9006646622
NA,049,Orizaba,52305.4049766061
NA,050,Minatitlán,72100.5464628981
NA,053,Mérida,105554.222069171
